Image,Title,Regular Price,Category,Short_description,description
https://i.ebayimg.com/images/g/xIYAAOSw8UNmxlaS/s-l500.webp,Samsung Galaxy Buds Pro True Wireless Bluetooth Earbuds Black ,34500,Earphone accessories-," Provide superior comfort and noise isolation by molding to the shape of your ear.
 Durable and water-resistant, offering a snug fit and better hygiene for everyday use.
 Designed to secure earphones during workouts or physical activities.
 Known for their premium foam tips that enhance comfort, fit, and sound isolation.
Turn wired earphones wireless, ideal for those seeking flexibility without buying new earphones.
Includes brushes and wipes to keep earphones clean and ensure peak sound quality.
 Prevent tangling and protect the cable for a longer lifespan.
 Keep earphone cables secure and out of the way during use.
 A sturdy, portable case to protect earphones from damage and tangling when not in use. Shop for the-For Samsung Galaxy Buds2 Pro SM-R510 Wireless Bluetooth Earphones Charging Case","The best in-ear accessories can greatly enhance your listening experience by providing comfort, protection, and improved sound quality. Ear tips, especially memory foam or silicone tips, are a must-have as they create a better seal in the ear, improving both comfort and noise isolation. Ear hooks are excellent for securing earphones during physical activities, preventing them from falling out. A high-quality earphone case protects your earphones from damage when not in use, while cable clips and organizers keep wires tangle-free and more manageable. Bluetooth adapters are great for converting wired earphones into wireless for added convenience. Finally, a cleaning kit is essential for maintaining sound quality and hygiene, as it helps to remove dirt and wax that can accumulate over time. These accessories not only extend the lifespan of your earphones but also elevate your overall audio experience.-For Samsung Galaxy Buds Live / Live Pro Case Silicone Protective Cover +Keychain"
https://i.ebayimg.com/images/g/eHMAAOSw-bpiKduA/s-l500.webp,Red korean ginseng roots red panax ginseng fine root 100g 250g,20800,Healthy Drinks ,"Keeps your body hydrated while providing essential nutrients.
 Packed with vitamins, minerals, and antioxidants that promote overall health.
 Many healthy drinks, like smoothies and herbal teas, aid in digestion and improve gut health.
 Provides natural energy from wholesome ingredients without added sugars or artificial additives.
 Strengthens the immune system with ingredients like fruits, herbs, and superfoods.                                                                                                                                                                                             Shop for the-Organic Korean Red Ginseng Root Powder (Panax) 100g (4oz) USA SHIP Quick","Our healthy drinks are designed to nourish your body and support your overall well-being. Made from natural, nutrient-rich ingredients, they are packed with essential vitamins, minerals, and antioxidants that help boost your energy levels, improve digestion, and enhance immunity. Free from artificial additives and refined sugars, our drinks provide a clean and refreshing way to stay hydrated while fueling your body with what it needs to thrive. Whether you're looking to energize your day or support your health goals, our products offer a delicious and convenient solution for maintaining a balanced lifestyle.
Shop Now-Organic Korean Red Ginseng Root Powder (Panax) 100g (4oz) USA SHIP Quick"
https://i.ebayimg.com/images/g/2n4AAOSwaP5mrL9O/s-l500.webp,ESTEE LAUDER 4 MISCELLANEOUS TRAVEL SIZE ANTIAGING PRODUCTS ,18000,Anti-Aging ,"Minimizes the appearance of fine lines and wrinkles for smoother, youthful-looking skin.
 Helps increase skin???s elasticity and firmness by promoting natural collagen synthesis.
Deeply moisturizes the skin, improving texture and radiance.
 Packed with antioxidants to protect against environmental damage and slow the aging process.
 Reduces dark spots, hyperpigmentation, and other signs of aging for a brighter complexion                                                                                                                                                                                                Shop for t-ZO Full Products Listing & Huge Savings! FRESHEST and FREE SHIPPING","Our anti-aging products are specially formulated to combat the visible signs of aging, leaving your skin looking youthful, radiant, and revitalized. Enriched with powerful ingredients that boost collagen production, they work to reduce the appearance of fine lines, wrinkles, and sagging skin. These products also deliver deep hydration to improve skin elasticity, firmness, and texture. Infused with antioxidants, they protect against environmental damage and help prevent premature aging. With regular use, you???ll notice a more even skin tone, fewer dark spots, and a natural, healthy glow, giving you a smoother and more youthful complexion.                                                                       Shop N-ZO Full Products Listing & Huge Savings! FRESHEST and FREE SHIPPING"
https://i.ebayimg.com/images/g/ZA8AAOSwdR9nE-9F/s-l500.webp,Samsung Galaxy Buds3 Pro SILVER SMR630 ,84875,Earbuds ,"Wireless earbuds are compact, in-ear headphones that connect to devices via Bluetooth, providing high-quality, tangle-free audio. Designed for convenience, they offer features like noise cancellation, water resistance, and touch controls, making them ideal for workouts, commuting, and hands-free calls. With long battery life and sleek charging cases, wireless earbuds are both functional and stylish, catering to on-the-go lifestyles and enhancing music, podcast, or call experiences with crisp sound quality. -Samsung Galaxy Buds3 Pro NEW SEALED","Earbuds are small, in-ear audio devices designed for direct insertion into the ear canal, delivering personal audio without the bulk of over-ear headphones. Often connected through a cable or wirelessly via Bluetooth, earbuds offer convenience, portability, and an immersive listening experience with quality sound. Features like noise isolation, customizable ear tips, and sweat or water resistance make them versatile, ideal for various activities like workouts, commuting, and hands-free phone calls. Compact and easy to store in a pocket or carrying case, earbuds provide a balanced mix of functionality, comfort, and style for everyday listening.-Samsung Galaxy Buds3 Pro NEW SEALED"
https://i.ebayimg.com/images/g/3c0AAOSwB9pm~mh~/s-l500.webp,Samsung Galaxy Buds 3 Pro Wireless With realtime translations White ,89975,Earbuds ,"Wireless earbuds are compact, in-ear headphones that connect to devices via Bluetooth, providing high-quality, tangle-free audio. Designed for convenience, they offer features like noise cancellation, water resistance, and touch controls, making them ideal for workouts, commuting, and hands-free calls. With long battery life and sleek charging cases, wireless earbuds are both functional and stylish, catering to on-the-go lifestyles and enhancing music, podcast, or call experiences with crisp sound quality. -Samsung Galaxy Buds3 Pro NEW SEALED","Earbuds are small, in-ear audio devices designed for direct insertion into the ear canal, delivering personal audio without the bulk of over-ear headphones. Often connected through a cable or wirelessly via Bluetooth, earbuds offer convenience, portability, and an immersive listening experience with quality sound. Features like noise isolation, customizable ear tips, and sweat or water resistance make them versatile, ideal for various activities like workouts, commuting, and hands-free phone calls. Compact and easy to store in a pocket or carrying case, earbuds provide a balanced mix of functionality, comfort, and style for everyday listening.-Samsung Galaxy Buds3 Pro NEW SEALED"
https://i.ebayimg.com/images/g/4Y0AAOSwtlNnGRXv/s-l500.webp,Blink Mini 2 Indoor and Outdoor Plugin Smart Security Camera HD Nig,11495,SpyCamera ,"Capture high-quality, covert video with this compact and easy-to-use spy camera. Ideal for personal security and surveillance, it blends seamlessly into any setting for reliable, low-profile recording. -Blink Outdoor 4 Security Camera System (4th Gen) 1 Camera Kit + Sync Module 2!","This spy camera offers a discreet and effective solution for covert video recording. Designed to capture high-resolution footage, this compact camera blends seamlessly into any environment, making it ideal for personal security, surveillance, or monitoring. Its small, lightweight design allows it to be easily hidden in everyday objects, ensuring it remains unobtrusive and unnoticed. Equipped with a high-capacity battery, it provides extended recording time, while its simple, intuitive controls make it user-friendly even for beginners. Whether for professional use, security purposes, or peace of mind, this spy camera delivers reliable performance with clear, crisp video quality, helping you capture critical moments without drawing attention.-Blink Outdoor 4 Security Camera System (4th Gen) 1 Camera Kit + Sync Module 2!"
https://i.ebayimg.com/images/g/lcQAAOSwgilm5gSU/s-l500.webp,Ring Spotlight Cam Plus OutdoorIndoor Wireless Battery Security Camera WHITE,59500,Camera ,"Perfect for covert recording, this compact, high-definition body camera captures crystal-clear video with ease. Ideal for security professionals and personal surveillance, it’s lightweight, durable, and designed to go unnoticed. Equipped with long-lasting battery life and user-friendly controls, this mini camera is a reliable choice for everyday security needs. -Google Nest Cam GPLE9 White Outdoor Wireless Security Camera With Floodlight","This camera is the ideal device for covert recording and professional-grade surveillance. Compact and lightweight, it easily attaches to clothing, backpacks, or belts, ensuring it remains unobtrusive in various environments. With high-definition 1080P video quality, it captures clear, detailed footage, making it an excellent choice for security professionals, law enforcement, and personal use. The camera is equipped with reliable battery life for extended recording sessions and intuitive controls that make operation simple, even on the go. Its durable build ensures it withstands daily use, while its minimalistic design makes it easy to carry without drawing attention. Whether you're documenting on-the-job activities, gathering evidence, or simply seeking peace of mind, this body camera offers reliable performance and user-friendly functionality in one compact package.-Google Nest Cam GPLE9 White Outdoor Wireless Security Camera With Floodlight"
https://i.ebayimg.com/images/g/k~AAAOSw9vhhTPAL/s-l500.webp,Polaroid PoGo Instant Mobile Thermal Printer Zink Zero Ink CZA10011B NO ADAPTER,12820,Printer ,"A portable, compact printer that delivers high-quality, smudge-proof photos instantly. Perfect for on-the-go printing, it uses Zink technology for vibrant, ink-free images, ideal for scrapbooking, journaling, or sharing memories in seconds. -Polaroid PoGo Instant Thermal Printer Zink Zero Ink CZA-10011B BLACK No Cords","The Instant Printer is a compact and portable solution for printing vibrant, smudge-proof photos on the go. Using advanced Zink (Zero Ink) technology, this innovative printer delivers high-quality, full-color images without the need for ink cartridges. Each print is tear-resistant and smudge-proof, making it perfect for scrapbooking, journaling, or sharing instant memories with friends and family. The Polaroid PoGo pairs effortlessly with compatible devices, allowing you to quickly print your favorite photos anytime, anywhere. Lightweight and easy to carry, it???s an ideal companion for travel, parties, or daily moments that deserve a keepsake. With its simple setup and fast printing, the Polaroid PoGo makes preserving memories both fun and convenien-Polaroid PoGo Instant Thermal Printer Zink Zero Ink CZA-10011B BLACK No Cords"
https://i.ebayimg.com/images/g/wFoAAOSw6lRmmrvb/s-l500.webp,Blink Mini 2 Indoor and Outdoor Plugin smart secu,11560,Spycamera ,"Capture high-quality, covert video with this compact and easy-to-use spy camera. Ideal for personal security and surveillance, it blends seamlessly into any setting for reliable, low-profile recording. -Blink Outdoor 4 (4th Gen) 2 Camera - Black","This  spy camera offers a discreet and effective solution for covert video recording. Designed to capture high-resolution footage, this compact camera blends seamlessly into any environment, making it ideal for personal security, surveillance, or monitoring. Its small, lightweight design allows it to be easily hidden in everyday objects, ensuring it remains unobtrusive and unnoticed. Equipped with a high-capacity battery, it provides extended recording time, while its simple, intuitive controls make it user-friendly even for beginners. Whether for professional use, security purposes, or peace of mind, this spy camera delivers reliable performance with clear, crisp video quality, helping you capture critical moments without drawing attention.-Blink Outdoor 4 (4th Gen) 2 Camera - Black"
https://i.ebayimg.com/images/g/A~cAAOSwrp5nAFqI/s-l500.webp,NEW ARLO ESSENTIAL XL 3CAMERA VMC3352 QCP002079,99995,Camera ,"Perfect for covert recording, this compact, high-definition body camera captures crystal-clear video with ease. Ideal for security professionals and personal surveillance, it???s lightweight, durable, and designed to go unnoticed. Equipped with long-lasting battery life and user-friendly controls, this mini camera is a reliable choice for everyday security need -Ring Spotlight Cam Pro Battery - Outdoor Camera, Lights & Siren, White","This body camera is the ideal device for covert recording and professional-grade surveillance. Compact and lightweight, it easily attaches to clothing, backpacks, or belts, ensuring it remains unobtrusive in various environments. With high-definition 1080P video quality, it captures clear, detailed footage, making it an excellent choice for security professionals, law enforcement, and personal use. The camera is equipped with reliable battery life for extended recording sessions and intuitive controls that make operation simple, even on the go. Its durable build ensures it withstands daily use, while its minimalistic design makes it easy to carry without drawing attention. Whether you're documenting on-the-job activities, gathering evidence, or simply seeking peace of mind, this body camera offers reliable performance and user-friendly functionality in one compact package.-Ring Spotlight Cam Pro Battery - Outdoor Camera, Lights & Siren, White"
