title,price,product_link,category,image_url
"Christmas Tree Deer Silicone Fondant Mould Cake Sugarcraft Chocolate Baking Mold",1578,"https://new.agnoagents.online/silicone-molds-for-fondant-christmas-tree-deer-silicone-fondant-mould-cake-sugarcraft-chocolate-baking-mold.html","Silicone Molds for Fondant","https://new.agnoagents.online/public/images/silicone-molds-for-fondant/christmas-tree-deer-silicone-fondant-mould-cake-sugarcraft-chocolate-baking-mold.webp"
"TINY leaves silicone mold for Fondant-Resin-polymer Clay-handcrafts-handmade",7090,"https://new.agnoagents.online/silicone-molds-for-fondant-tiny-leaves-silicone-mold-for-fondant-resin-polymer-clay-handcrafts-handmade.html","Silicone Molds for Fondant","https://new.agnoagents.online/public/images/silicone-molds-for-fondant/tiny-leaves-silicone-mold-for-fondant-resin-polymer-clay-handcrafts-handmade.webp"
"Christmas Village House Church Gingerbread Chocolate Fondant Resin Silicone Mold",8958,"https://new.agnoagents.online/silicone-molds-for-fondant-christmas-village-house-church-gingerbread-chocolate-fondant-resin-silicone-mold.html","Silicone Molds for Fondant","https://new.agnoagents.online/public/images/silicone-molds-for-fondant/christmas-village-house-church-gingerbread-chocolate-fondant-resin-silicone-mold.webp"
"Sleeping Girl Mermaid Fondant Cake Silicone Mold with Long Hair and Tail",2398,"https://new.agnoagents.online/silicone-molds-for-fondant-sleeping-girl-mermaid-fondant-cake-silicone-mold-with-long-hair-and-tail.html","Silicone Molds for Fondant","https://new.agnoagents.online/public/images/silicone-molds-for-fondant/sleeping-girl-mermaid-fondant-cake-silicone-mold-with-long-hair-and-tail.webp"
"small rope texture silicone mold fondant clay FAST Free Shipping 2.4 in by 5 in",5900,"https://new.agnoagents.online/silicone-molds-for-fondant-small-rope-texture-silicone-mold-fondant-clay-fast-free-shipping-2-4-in-by-5-in.html","Silicone Molds for Fondant","https://new.agnoagents.online/public/images/silicone-molds-for-fondant/small-rope-texture-silicone-mold-fondant-clay-fast-free-shipping-2-4-in-by-5-in.webp"
"XMAS Pine Cone Silicone Fondant Cake Decorating Mold Chocolate Sugarcraft Mould",7056,"https://new.agnoagents.online/silicone-molds-for-fondant-xmas-pine-cone-silicone-fondant-cake-decorating-mold-chocolate-sugarcraft-mould.html","Silicone Molds for Fondant","https://new.agnoagents.online/public/images/silicone-molds-for-fondant/xmas-pine-cone-silicone-fondant-cake-decorating-mold-chocolate-sugarcraft-mould.webp"
"Feather Silicone Molds Baroque Fondant, (3 Pack) Lace Scroll Chocolate Molds, fo",18446,"https://new.agnoagents.online/silicone-molds-for-fondant-feather-silicone-molds-baroque-fondant-3-pack-lace-scroll-chocolate-molds-fo.html","Silicone Molds for Fondant","https://new.agnoagents.online/public/images/silicone-molds-for-fondant/feather-silicone-molds-baroque-fondant-3-pack-lace-scroll-chocolate-molds-fo.webp"
"Penguin Silicone Mold Chocolate Fondant Candy Ice Cube Tray Baking Xmas Holiday",5256,"https://new.agnoagents.online/silicone-molds-for-fondant-penguin-silicone-mold-chocolate-fondant-candy-ice-cube-tray-baking-xmas-holiday.html","Silicone Molds for Fondant","https://new.agnoagents.online/public/images/silicone-molds-for-fondant/penguin-silicone-mold-chocolate-fondant-candy-ice-cube-tray-baking-xmas-holiday.webp"
"F5055 Embossed Round Fondant Silicone Mold for Clay Polymer Resin Decoration",2398,"https://new.agnoagents.online/silicone-molds-for-fondant-f5055-embossed-round-fondant-silicone-mold-for-clay-polymer-resin-decoration.html","Silicone Molds for Fondant","https://new.agnoagents.online/public/images/silicone-molds-for-fondant/f5055-embossed-round-fondant-silicone-mold-for-clay-polymer-resin-decoration.webp"
"small angel wings silicone mold fondant clay FAST Free Shipping",5700,"https://new.agnoagents.online/silicone-molds-for-fondant-small-angel-wings-silicone-mold-fondant-clay-fast-free-shipping.html","Silicone Molds for Fondant","https://new.agnoagents.online/public/images/silicone-molds-for-fondant/small-angel-wings-silicone-mold-fondant-clay-fast-free-shipping.webp"